-- phpMyAdmin SQL Dump
-- version 4.9.7
-- https://www.phpmyadmin.net/
--
-- Host: localhost:3306
-- Generation Time: Jan 11, 2023 at 09:12 AM
-- Server version: 8.0.31-cll-lve
-- PHP Version: 7.4.30

SET SQL_MODE = "NO_AUTO_VALUE_ON_ZERO";
SET AUTOCOMMIT = 0;
START TRANSACTION;
SET time_zone = "+00:00";


/*!40101 SET @OLD_CHARACTER_SET_CLIENT=@@CHARACTER_SET_CLIENT */;
/*!40101 SET @OLD_CHARACTER_SET_RESULTS=@@CHARACTER_SET_RESULTS */;
/*!40101 SET @OLD_COLLATION_CONNECTION=@@COLLATION_CONNECTION */;
/*!40101 SET NAMES utf8mb4 */;

--
-- Database: `alokitot_news`
--

-- --------------------------------------------------------

--
-- Table structure for table `blogs`
--

CREATE TABLE `blogs` (
  `id` bigint UNSIGNED NOT NULL,
  `cat_id` bigint UNSIGNED NOT NULL,
  `cat_name` varchar(255) CHARACTER SET utf8mb4 COLLATE utf8mb4_unicode_ci DEFAULT NULL,
  `title` varchar(255) CHARACTER SET utf8mb4 COLLATE utf8mb4_unicode_ci DEFAULT NULL,
  `slug` varchar(255) CHARACTER SET utf8mb4 COLLATE utf8mb4_unicode_ci DEFAULT NULL,
  `short_description` varchar(255) CHARACTER SET utf8mb4 COLLATE utf8mb4_unicode_ci DEFAULT NULL,
  `long_description` longtext CHARACTER SET utf8mb4 COLLATE utf8mb4_unicode_ci,
  `fiture` varchar(255) CHARACTER SET utf8mb4 COLLATE utf8mb4_unicode_ci DEFAULT NULL,
  `read` varchar(255) CHARACTER SET utf8mb4 COLLATE utf8mb4_unicode_ci DEFAULT NULL,
  `featured_post` int NOT NULL,
  `created_at` timestamp NULL DEFAULT NULL,
  `updated_at` timestamp NULL DEFAULT NULL
) ENGINE=InnoDB DEFAULT CHARSET=utf8mb4 COLLATE=utf8mb4_unicode_ci;

--
-- Dumping data for table `blogs`
--

INSERT INTO `blogs` (`id`, `cat_id`, `cat_name`, `title`, `slug`, `short_description`, `long_description`, `fiture`, `read`, `featured_post`, `created_at`, `updated_at`) VALUES
(10, 4, NULL, 'আলোকিত তেঁতুলিয়া', NULL, NULL, '<p>আমার সোনার বাংলা</p>', 'blogs/1673366121____69969.jpeg', NULL, 0, '2023-01-10 21:55:25', '2023-01-10 21:55:25'),
(11, 2, NULL, 'শক্তিশালী পাসপোর্ট সূচকে তিন ধাপ উন্নতি বাংলাদেশের', NULL, NULL, '<p class=\"ql-align-justify\">২০২২ সালের তুলনায় এ বছর শক্তিশালী হয়েছে বাংলাদেশের পাসপোর্ট। ‘হ্যানলি অ্যান্ড পার্টনার্স’-এর প্রকাশিত র‍্যাংকিং অনুযায়ী, এ বছর বাংলাদেশের অবস্থান ১০১তম। এর আগের বছর ১০৪ এ ছিল বাংলাদেশ।</p><p class=\"ql-align-justify\">মঙ্গলবার (১০ জানুয়ারি) বিশ্বের ১৯৯টি দেশের পাসপোর্টের সূচক প্রকাশ করে ব্রিটেনভিত্তিক এই প্রতিষ্ঠান। ১০১তম অবস্থানে বাংলাদেশের সঙ্গে রয়েছে কসোভো ও লিবিয়া। বর্তমানে বিশ্বের ৪১ দেশে ভিসা ছাড়া ভ্রমণ করতে পারেন বাংলাদেশিরা।</p><p class=\"ql-align-justify\">এদিকে, তালিকার শীর্ষে রয়েছে জাপান। গত বছরও দেশটি শীর্ষে ছিল। জাপানের নাগরিকরা ভিসা ছাড়াই বিশ্বের ১৯৩টি দেশ বা অঞ্চলে ভ্রমণ করতে পারেন। সিঙ্গাপুর এবং দক্ষিণ কোরিয়া যৌথভাবে সূচকের দ্বিতীয় স্থানে রয়েছে। এই দুই দেশের পাসপোর্টধারীরা ১৯২টি দেশে ভিসা ছাড়া অথবা অন-অ্যারাইভাল ভিসায় প্রবেশ করতে পারেন।</p><p class=\"ql-align-justify\">যৌথভাবে সূচকের তৃতীয় স্থানে আছে জার্মানি এবং স্পেন। এই দুই দেশের পাসপোর্টধারীরা বিশ্বের ১৯০টি দেশে ভিসা ছাড়া ভ্রমণ করতে পারেন।</p><p class=\"ql-align-justify\">এছাড়া যৌথভাবে ফিনল্যান্ড, ইতালি ও লুক্সেমবার্গ তৃতীয় এবং অস্ট্রিয়া, ডেনমার্ক, নেদারল্যান্ডস ও সুইডেন পঞ্চম স্থানে রয়েছে।</p><p class=\"ql-align-justify\">আর ৬ষ্ঠ স্থানে আছে যৌথভাবে ফ্রান্স, আয়ারল্যান্ড, পর্তুগাল ও বৃটেন। এই চার দেশের নাগরিকরা বিশ্বের ১৮৭টি দেশে ভিসা ছাড়া অথবা অন-অ্যারাইভাল ভিসায় ভ্রমণ করতে পারেন।</p><p class=\"ql-align-justify\">হ্যানলির এই সূচকে যুক্তরাষ্ট্র, বেলজিয়াম, চেকপ্রজাতন্ত্র, নিউজিল্যান্ড, নরওয়ে, সুইজারল্যান্ড যৌথভাবে সপ্তম স্থানে আছে। এসব দেশের পাসপোর্টধারীরা বিশ্বের ১৮৬টি দেশে ভিসা ছাড়া অথবা অন-অ্যারাইভাল ভিসায় প্রবেশ করতে পারেন।</p><p class=\"ql-align-justify\">অন্যদিকে এই তালিকায় ভারতের অবস্থান ৮৫তম এবং পাকিস্তানের অবস্থান ১০৩তম। এছাড়া দক্ষিণ এশিয়ার অন্য দেশগুলোর মধ্যে নেপাল ১০৩তম, আফগানিস্তান ১০৯তম, মালদ্বীপ ৬১তম, ভুটান ৯০তম স্থানে রয়েছে। শক্তিশালী পাসপোর্ট সূচকের একেবারে তলানিতে রয়েছে যুদ্ধবিধ্বস্ত আফগানিস্তান। এছাড়া ইরাক ১০৮তম, সিরিয়া ১০৭তম, পাকিস্তান ১০৬তম ও ইয়েমেন ১০৫তম স্থানে রয়েছে।</p>', 'blogs/1673366617____80774.webp', NULL, 0, '2023-01-10 22:03:40', '2023-01-10 22:03:40'),
(12, 7, NULL, 'পঞ্চগড়ে নৌকাডুবির দেড় মাস পর আরও এক শিশুর মরদেহ উদ্ধার', NULL, NULL, '<p class=\"ql-align-justify\">পঞ্চগড়ের বোদা উপজেলার মাড়েয়া আউলিয়া ঘাটে নৌকাডুবির ঘটনায় ৭০ জনের মৃত্যুর পর ঘটনার ৪৭ দিনের মাথায় করতোয়া নদী থেকে জয়া রাণী (৪) নামে এক শিশুর অর্ধগলিত মরদেহ উদ্ধার করা হয়েছে। এ নিয়ে নৌকাডুবির ঘটনায় মৃতের সংখ্যা দাঁড়িয়েছে ৭১ জনে।</p><p class=\"ql-align-justify\">শুক্রবার দুপুরের পর বোদা উপজেলার মাড়েয়া বামনহাট ইউনিয়নের আউলিয়া ঘাটে করতোয়া নদী থেকে শিশুর মরদেহটি উদ্ধার করা হয়।</p><p class=\"ql-align-justify\">মাড়েয়া বামনহাট ইউনিয়ন পরিষদের চেয়ারম্যান আবু আনসার মো. রেজাউল করিম শামিম গলিত মরদেহ উদ্ধারের বিষয়টি সময় সংবাদকে নিশ্চিত করেন।</p><p class=\"ql-align-justify\">তিনি মরদেহের পরিচয় নিশ্চিত করে বলেন, নিহত শিশু জয়া রাণী সদর উপজেলার ঘাটিয়াপাড়া গ্রামের ধিরেন্দ্রনাথের মেয়ে।</p><p class=\"ql-align-justify\">জানা যায়, শুক্রবার দুপুরের পর আউলিয়া ঘাটে নৌকাডুবির ঘটনাস্থল থেকে পানির নিচ থেকে মরদেহটি ভেসে ওঠে। তাৎক্ষণিক আশপাশের লোকেরা ভাসমান অবস্থায় মরদেহ দেখতে পেয়ে ইউনিয়ন পরিষদ ও প্রশাসনকে খবর দেয়। বোদা থানা পুলিশ ও ফায়ার সার্ভিস সদস্যরা তাৎক্ষণিক ঘটনাস্থলে আসে স্থানীয়দের সহযোগিতায় নদীর বালির নিচ থেকে শিশুটির মরদেহ উদ্ধার করে।</p><p class=\"ql-align-justify\">এর আগে গত রোববার বোদা উপজেলায় মহালয়া পূজা উপলক্ষে বদেশ্বরী মন্দিরে যাওয়ার পথে আউলিয়া ঘাটে করতোয়া নদীতে নৌকাডুবির এ ঘটনাটি ঘটে। এদিকে এখন পর্যন্ত নিখোঁজ রয়েছে আরও ১ জন।</p><p class=\"ql-align-justify\">নিখোঁজ রয়েছেন, বোদা উপজেলার সাকোয়া ইউনিয়নের ডাঙ্গাপাড়া গ্রামের সরেন্দ্রনাথ (৬৫)।</p>', 'blogs/1673366832____11440.jpeg', NULL, 0, '2023-01-10 22:07:12', '2023-01-10 22:07:12'),
(13, 14, NULL, 'সেরা কোচ নির্বাচিত হলেন আর্জেন্টিনার লিওনেল স্কালোনি', NULL, NULL, '<p class=\"ql-align-justify\">ইন্টারন্যাশনাল ফেডারেশন অব ফুটবল হিস্টরি এন্ড স্ট্যাটিসটিকসের (আইএফএফএইচএস) ভোটে সেরা কোচ হিসেবে নির্বাচিত হয়েছেন বিশ্বকাপ জয়ী আর্জেন্টিনা দলের কোচ লিওনেল স্কালোনি।</p><p class=\"ql-align-justify\">কাতার বিশ্বকাপে সবচেয়ে কম বয়সী কোচ হিসেবে দায়িত্ব পালন করেছেন স্কালোনি (৪৪)। ফাইনালের আরেক দল ফ্রান্সের কোচ দিদিয়ের দেশমের ৪৫ ভোটের বিপরীতে স্কালোনি পেয়েছেন ২৪০ ভোট। কাতার বিশ্বকাপে চতুর্থ হওয়া মরোক্কান কোচ ওয়ালিদ রেগ্রাগুই পেয়েছেন তৃতীয় সর্বোচ্চ ৩০ ভোট।</p><p class=\"ql-align-justify\">২০০৬ বিশ্বকাপ জয়ী আর্জেন্টাইন দলের সদস্য ছিলেন স্কালোনি। এবার তার অধীনে লা আলবিসেলেস্তারা বিশ্বকাপের তৃতীয় শিরোপা লাভ করেছে। গত ৩৬ বছরে এটি আর্জেন্টিনার প্রথম শিরোপা। বিশ্বকাপে নিজেদের প্রথম ম্যাচে সৌদি আরবের বিরুদ্ধে পরাজয়ের মাধ্যমে স্কালোনির অধীনে ৩৬ ম্যাচ পর আর্জেন্টিনা পরাজয়ের তিক্ত স্বাদ পেয়েছে।</p><p class=\"ql-align-justify\">২০১৮ সালের রাশিয়া বিশ্বকাপে আর্জেন্টিনার হতাশাজনক বিদায়ের পর দলের দায়িত্ব পান স্কালোনি। এরপর তার অধীনে ২০২১ সালে আর্জেন্টিনা ফাইনালে ব্রাজিলকে হারিয়ে কোপা আমেরিকা শিরোপা জয় করে, যা ১৯৯৩ সালের পর তাদের প্রথম শিরোপা। স্কালোনির অধীনে আর্জেন্টিনা ২০২২ সালে ইউরোপীয়ান চ্যাম্পিয়ন ইতালিকে হারিয়ে লা ফিনালিসিমাও জয় করে।</p><p class=\"ql-align-justify\">বিশ্বকাপের সেরা কোচ হিসেবে এই ভোটে আরো যারা প্রতিদ্বন্দ্বী ছিলেন তাদের মধ্যে ডালিচ (ক্রোয়েশিয়া), হাজিমে মোরিইয়াসু (জাপান), লুইস ফন গাল (নেদারল্যান্ড), গ্রেগ বারহল্টার (যুক্তরাষ্ট্র), তিতে (ব্রাজিল) ও পাওলো বেনটো (দক্ষিণ কোরিয়া) অন্যতম। এর আগে গত সপ্তাহে আইএফএফএইচএস এক বর্ষ পঞ্জিতে সেরা খেলোয়াড় হিসেবে লিওনেল মেসির নাম ঘোষণা করেছে।</p>', 'blogs/1673367170____80226.webp', NULL, 0, '2023-01-10 22:12:50', '2023-01-10 22:12:50'),
(14, 1, NULL, 'আইজিপি আব্দুল্লাহ আল মামুনের মেয়াদ বাড়ল', NULL, NULL, '<p class=\"ql-align-justify\">বাংলাদেশ পুলিশের ইন্সপেক্টর জেনারেল (আইজিপি) চৌধুরী আব্দুল্লাহ আল মামুনের মেয়াদ আরও দেড় বছর বাড়ানো হয়েছে।</p><p class=\"ql-align-justify\">সোমবার (৯ জানুয়ারি) জনপ্রশাসন মন্ত্রণালয়ের উপসচিব মোহা. রফিকুল ইসলাম সাক্ষরিত এক প্রজ্ঞাপনে তার এই মেয়াদ বাড়ানো হয়েছে। ২০২৪ সালের ১১ জুলাই পর্যন্ত আইজিপির দায়িত্ব পালন করবেন তিনি।</p><p class=\"ql-align-justify\">প্রজ্ঞাপনে বলা হয়েছে, সরকারি চাকরি আইন, ২০১৮ এর ধারা-৪৯ অনুযায়ী বিসিএস (পুলিশ) ক্যাডারের কর্মকর্তা পুলিশ মহাপরিদর্শক চৌধুরী আবদুল্লাহ আল মামুনকে তার অবসরোত্তর ছুটি ও তদন্ত সংশ্লিষ্ট সুবিধাদি স্থগিতের শর্তে ১২ জানুয়ারি ২০২৩ থেকে ১১ জুলাই ২০২৪ তারিখ পর্যন্ত অথবা যোগদানের তারিখ থেকে ১ (এক) বছর ৬ (ছয়) মাস মেয়াদে বাংলাদেশ পুলিশের পুলিশ মহাপরিদর্শক পদে চুক্তিভিত্তিক নিয়োগ দেওয়া হলো।</p><p class=\"ql-align-justify\">চৌধুরী আবদুল্লাহ আল-মামুন বিসিএস অষ্টম ব্যাচের কর্মকর্তা। সৎ পুলিশ কর্মকর্তা হিসেবে বাহিনী ও সরকারের কাছে তার সুনাম রয়েছে। বাংলাদেশ পুলিশে অসামান্য অবদান ও অনন্য সেবাদানের স্বীকৃতিস্বরূপ তিনি বাংলাদেশ পুলিশ মেডেল (বিপিএম) ও প্রেসিডেন্ট পুলিশ মেডেল (পিপিএম) পদকে ভূষিত হয়েছেন।</p><p class=\"ql-align-justify\">চৌধুরী আবদুল্লাহ আল-মামুন ১৯৬৪ সালের ১২ জানুয়ারি সুনামগঞ্জের শাল্লা উপজেলার শ্রীহাইল গ্রামে এক সম্ভ্রান্ত মুসলিম পরিবারে জন্মগ্রহণ করেন। তিনি চট্টগ্রাম বিশ্ববিদ্যালয় থেকে সমাজবিজ্ঞান বিষয়ে স্নাতকসহ (সম্মান) স্নাতকোত্তর ডিগ্রি অর্জন করেন।</p>', 'blogs/1673367340____84184.webp', NULL, 0, '2023-01-10 22:15:40', '2023-01-10 22:15:40'),
(15, 17, NULL, 'পরীমণি বদলে যাওয়ার গল্প বলবেন', NULL, NULL, '<p class=\"ql-align-justify\">বছরের শুরু থেকেই শরিফুল রাজের সঙ্গে দাম্পত্যজীবন নিয়ে আলোচনার কেন্দ্রে ঢাকাই সিনেমার চিত্রনায়িকা পরীমণি। এই বিচ্ছেদ, এই আবার একসঙ্গে! এখন তা নিয়েই তাঁদের যত খবর। বিচ্ছেদ ইস্যুর মাঝেই কয়েক দিন আগে জানা গেছে, মান-অভিমান ভুলে একসঙ্গে দুবাই যাবেন রাজ-পরী। এবার জানা গেল পরীমণির নতুন সিনেমার খবর। ‘চলো বদলে যাই’ শিরোনামের সিনেমাটি বানাবেন আবু রায়হান জুয়েল।</p><p class=\"ql-align-justify\">এতে বদলে যাওয়ার গল্প বলবেন পরীমণি, এমনটিই জানালেন নির্মাতা। আবু রায়হান জুয়েল বলেন, ‘গল্প শুনেই সিনেমাটি করতে আগ্রহ প্রকাশ করেন পরীমণি। সে খুব এক্সাইটেড সিনেমাটি নিয়ে। আমার কাছেও মনে হয়েছে গল্প অনুযায়ী পরীমণিই পারফেক্ট হবে।’</p><p class=\"ql-align-justify\">সিনেমার গল্প নিয়ে তিনি জানান, ‘দুজন মানুষের বদলে যাওয়ার গল্প উঠে আসবে এ সিনেমায়। অ্যাকশন, থ্রিলার, রোমান্স—সবকিছুই থাকবে। চিত্রনাট্যের কাজ প্রায় শেষপর্যায়ে। এরই মধ্যে পরীমণিও কিছু পরামর্শ দিয়েছেন চিত্রনাট্য সম্পর্কে। সেগুলো নিয়ে কাজ করা হচ্ছে। পরিকল্পনা অনুযায়ী যদি কাজটি করতে পারি তাহলে খুব ভালো একটি সিনেমা উপহার দিতে পারব দর্শকদের। আশা করছি, “চলো বদলে যাই” সিনেমাটি পরীর ক্যারিয়ারে একটি ট্রেডমার্ক হয়ে থাকবে।’</p><p class=\"ql-align-justify\">পরীমণি ছাড়া আর কে কে থাকছেন সিনেমায়? এমন প্রশ্নের জবাবে আবু রায়হান জুয়েল বলেন, ‘এখনো বাকি শিল্পীদের চূড়ান্ত করিনি। আশা করছি, আগামী ফেব্রুয়ারির মাঝামাঝি সব ঠিক করে সিনেমার আনুষ্ঠানিক ঘোষণা দিতে পারব।’</p><p class=\"ql-align-justify\">আগামী জুন-জুলাইয়ের দিকে শুটিং শুরু করার পরিকল্পনা করেছেন বলে জানিয়েছেন নির্মাতা। নতুন সিনেমা নিয়ে সামাজিক যোগাযোগমাধ্যমে নির্মাতার সঙ্গে ছবি দিয়ে পরীমণি ক্যাপশনে লিখেছেন, ‘আমাদের পরবর্তী সিনেমা চলো বদলে যাই’। এ বিষয়ে এর বেশি কিছু বলেননি তিনি। তাঁর সঙ্গে যোগাযোগ করা হলেও এ বিষয় মুখ খোলেননি তিনি।</p><p class=\"ql-align-justify\">এদিকে ২০ জানুয়ারি মুক্তি পাচ্ছে একই নির্মাতার পরিচালনায় পরীমণি অভিনীত শিশুতোষ সিনেমা, ‘অ্যাডভেঞ্চার অব সুন্দরবন’। মুক্তি উপলক্ষে প্রচারণায় ব্যস্ত সময় পার করছেন পরী। তীব্র শীত উপেক্ষা করে ছুটে যাচ্ছেন বিভিন্ন স্থানে। সিনেমাটি নিয়ে পরীমণি জানান, ‘আমাদের “অ্যাডভেঞ্চার অব সুন্দরবন”-এর মূল দর্শক শিশুরা। তাই হুটহাট করে তাদের কাছে ছুটে যাচ্ছি। আশা করছি মা-বাবারা তাঁদের সন্তানদের নিয়ে হলে গিয়ে সিনেমাটি দেখবেন।’</p><p class=\"ql-align-justify\">ড. মুহম্মদ জাফর ইকবালের ‘রাতুলের রাত রাতুলের দিন’ উপন্যাস অবলম্বনে নির্মিত হয়েছে ‘অ্যাডভেঞ্চার অব সুন্দরবন’। এতে পরীমণির বিপরীতে দেখা যাবে সিয়াম আহমেদকে। এ ছাড়া আরও রয়েছেন শহীদুল আলম সাচ্চু, আজাদ আবুল কালাম, মনিরা মিঠু, কচি খন্দকার, আশিস খন্দকারসহ ২০ জনের বেশি শিশুশিল্পী।</p>', 'blogs/1673367759____97075.jpeg', NULL, 0, '2023-01-10 22:22:41', '2023-01-10 22:22:41'),
(16, 17, NULL, 'পরীমণি বদলে যাওয়ার গল্প বলবেন', NULL, NULL, '<p class=\"ql-align-justify\">বছরের শুরু থেকেই শরিফুল রাজের সঙ্গে দাম্পত্যজীবন নিয়ে আলোচনার কেন্দ্রে ঢাকাই সিনেমার চিত্রনায়িকা পরীমণি। এই বিচ্ছেদ, এই আবার একসঙ্গে! এখন তা নিয়েই তাঁদের যত খবর। বিচ্ছেদ ইস্যুর মাঝেই কয়েক দিন আগে জানা গেছে, মান-অভিমান ভুলে একসঙ্গে দুবাই যাবেন রাজ-পরী। এবার জানা গেল পরীমণির নতুন সিনেমার খবর। ‘চলো বদলে যাই’ শিরোনামের সিনেমাটি বানাবেন আবু রায়হান জুয়েল।</p><p class=\"ql-align-justify\">এতে বদলে যাওয়ার গল্প বলবেন পরীমণি, এমনটিই জানালেন নির্মাতা। আবু রায়হান জুয়েল বলেন, ‘গল্প শুনেই সিনেমাটি করতে আগ্রহ প্রকাশ করেন পরীমণি। সে খুব এক্সাইটেড সিনেমাটি নিয়ে। আমার কাছেও মনে হয়েছে গল্প অনুযায়ী পরীমণিই পারফেক্ট হবে।’</p><p class=\"ql-align-justify\">সিনেমার গল্প নিয়ে তিনি জানান, ‘দুজন মানুষের বদলে যাওয়ার গল্প উঠে আসবে এ সিনেমায়। অ্যাকশন, থ্রিলার, রোমান্স—সবকিছুই থাকবে। চিত্রনাট্যের কাজ প্রায় শেষপর্যায়ে। এরই মধ্যে পরীমণিও কিছু পরামর্শ দিয়েছেন চিত্রনাট্য সম্পর্কে। সেগুলো নিয়ে কাজ করা হচ্ছে। পরিকল্পনা অনুযায়ী যদি কাজটি করতে পারি তাহলে খুব ভালো একটি সিনেমা উপহার দিতে পারব দর্শকদের। আশা করছি, “চলো বদলে যাই” সিনেমাটি পরীর ক্যারিয়ারে একটি ট্রেডমার্ক হয়ে থাকবে।’</p><p class=\"ql-align-justify\">পরীমণি ছাড়া আর কে কে থাকছেন সিনেমায়? এমন প্রশ্নের জবাবে আবু রায়হান জুয়েল বলেন, ‘এখনো বাকি শিল্পীদের চূড়ান্ত করিনি। আশা করছি, আগামী ফেব্রুয়ারির মাঝামাঝি সব ঠিক করে সিনেমার আনুষ্ঠানিক ঘোষণা দিতে পারব।’</p><p class=\"ql-align-justify\">আগামী জুন-জুলাইয়ের দিকে শুটিং শুরু করার পরিকল্পনা করেছেন বলে জানিয়েছেন নির্মাতা। নতুন সিনেমা নিয়ে সামাজিক যোগাযোগমাধ্যমে নির্মাতার সঙ্গে ছবি দিয়ে পরীমণি ক্যাপশনে লিখেছেন, ‘আমাদের পরবর্তী সিনেমা চলো বদলে যাই’। এ বিষয়ে এর বেশি কিছু বলেননি তিনি। তাঁর সঙ্গে যোগাযোগ করা হলেও এ বিষয় মুখ খোলেননি তিনি।</p><p class=\"ql-align-justify\">এদিকে ২০ জানুয়ারি মুক্তি পাচ্ছে একই নির্মাতার পরিচালনায় পরীমণি অভিনীত শিশুতোষ সিনেমা, ‘অ্যাডভেঞ্চার অব সুন্দরবন’। মুক্তি উপলক্ষে প্রচারণায় ব্যস্ত সময় পার করছেন পরী। তীব্র শীত উপেক্ষা করে ছুটে যাচ্ছেন বিভিন্ন স্থানে। সিনেমাটি নিয়ে পরীমণি জানান, ‘আমাদের “অ্যাডভেঞ্চার অব সুন্দরবন”-এর মূল দর্শক শিশুরা। তাই হুটহাট করে তাদের কাছে ছুটে যাচ্ছি। আশা করছি মা-বাবারা তাঁদের সন্তানদের নিয়ে হলে গিয়ে সিনেমাটি দেখবেন।’</p><p class=\"ql-align-justify\">ড. মুহম্মদ জাফর ইকবালের ‘রাতুলের রাত রাতুলের দিন’ উপন্যাস অবলম্বনে নির্মিত হয়েছে ‘অ্যাডভেঞ্চার অব সুন্দরবন’। এতে পরীমণির বিপরীতে দেখা যাবে সিয়াম আহমেদকে। এ ছাড়া আরও রয়েছেন শহীদুল আলম সাচ্চু, আজাদ আবুল কালাম, মনিরা মিঠু, কচি খন্দকার, আশিস খন্দকারসহ ২০ জনের বেশি শিশুশিল্পী।</p>', 'blogs/1673367759____11225.jpeg', NULL, 0, '2023-01-10 22:22:41', '2023-01-10 22:22:41'),
(17, 17, NULL, 'নতুন বছরে শাহরুখের ৯ সিনেমা', NULL, NULL, '<p class=\"ql-align-justify\">গত কয়েক বছরে ‘ফ্যান’, ‘জিরো’, ‘হ্যারি মেট সেজাল’-এর মতো সিনেমায় নজর কাড়তে পারেননি শাহরুখ খান। গত বছর ‘ব্রহ্মাস্ত্র’ ও ‘রকেট্রি: দ্য নাম্বি এফেক্ট’—সিনেমায় পার্শ্বচরিত্রে ছিলেন। কিন্তু অত ছোট চরিত্রে তাঁকে দেখে মন ভরেনি ভক্তদের। অবশেষে চার বছরের বিরতি পেরিয়ে স্বরূপে সিনেমা হলে ফিরছেন শাহরুখ। বেছে নিয়েছেন এমন ৯টি সিনেমা, যা তাঁর ক্যারিয়ারের গতিপথ ঘুরিয়ে দেবে। এ বছরটা হবে বলিউডে শাহরুখের কামব্যাক<strong>পাঠান</strong></p><p class=\"ql-align-justify\">মনীশ শর্মার পরিচালনায় ‘পাঠান’ মুক্তি পাবে ২৫ জানুয়ারি। তবে মুক্তির আগেই সিনেমার দুটি গান ‘বেশরম রং‌’ ও ‘ঝুমে জো পাঠান’ নিয়ে যে পরিমাণ আলোচনা-সমালোচনা তৈরি হয়েছে, তাতে বোঝাই যাচ্ছে, বক্স অফিসে ভালোই ঝড় উঠবে। অ্যাকশন থ্রিলার ঘরানার ‘পাঠান’-এ শাহরুখের সঙ্গে আছেন দীপিকা পাড়ুকোন ও জন আব্র<strong>জওয়ান</strong></p><p class=\"ql-align-justify\">‘জওয়ান’-এ শাহরুখ হাত মিলিয়েছেন দক্ষিণী পরিচালক অ্যাটলির সঙ্গে। আগামী ২ জুন সিনেমাটি মুক্তি পাওয়ার কথা। শাহরুখের সঙ্গে এতে অভিনয় করতে দেখা যাবে নয়নতারা ও বিজয় সেতুপতির মতো দক্ষিণী তারকাকে। অতিথি চরিত্রে থাকবেন থালাপতি<strong>ডানকি</strong></p><p class=\"ql-align-justify\">আইনের চোখ ফাঁকি দিয়ে কীভাবে ভিন্ন উপায়ে বিভিন্ন দেশে প্রবেশ করে মানুষ, সেটাই এ সিনেমার বিষয়। পরিচালক রাজকুমার হিরানি, প্রযোজনা করছেন গৌরী খান। এতে শাহরুখের নায়িকা তাপসী পান্নু। রাজকুমার হিরানির সঙ্গে কাজ করার দীর্ঘদিনের ইচ্ছা শাহরুখের, সেটা পূরণ হচ্ছে ‘ডানকি’ দি<strong>টাইগার ৩</strong></p><p class=\"ql-align-justify\">এ সিনেমার নায়ক মূলত সালমান খান। শাহরুখ এতে আসবেন অতিথিশিল্পী হিসেবে। সালমান ও শাহরুখের বন্ধুত্ব বেশ ভালো। তাই দুজনের দুই সিনেমায় এ বছর এক হতে দেখা যাবে তাঁদের। শাহরুখ যেমন সালমানের ‘টাইগার ৩’-তে থাকবেন, তেমনি সালমানও থাকবেন শাহরুখের ‘পাঠান’-এ। এ বছরের দিওয়ালিতে আসবে ‘টাইগার ৩<strong>অপারেশন খুকরি</strong></p><p class=\"ql-align-justify\">ভারতের সেনা ও বিমানবাহিনীকে সম্মান জানাতে পরিচালক আশুতোষ গোয়ারিকর তৈরি করবেন ‘অপারেশন খুকরি’। মুখ্য চরিত্রে শাহরুখ, মুক্তি পাবে এ বছরের শেষদিকে।<strong>ইজাহার</strong></p><p class=\"ql-align-justify\">নরওয়ের এক নারীর প্রেমে পড়েছেন এক ভারতীয়। প্রেমিকার জন্য ভারত থেকে সাইকেল চালিয়ে নরওয়ে যান সেই ভারতীয় প্রেমিক। এই সত্য ঘটনা পর্দায় তুলে আনতে চান সঞ্জয় লীলা বানসালি। চার বছরের বেশি সময় ধরে গল্পটি নিয়ে কাজ করছেন বানসালি। সিনেমার নামও ঠিক হয়ে গেছে—‘ইজহার’। ‘দেবদাস’-এর পর আবারও এ সিনেমার মাধ্যমে দেখা যাবে শাহরুখ-বানসালির <strong>হে রাম-</strong>২০০০ সালে ‘হে রাম’ পরিচালনা করেছিলেন কমল হাসান। সম্প্রতি কমল হাসান জানিয়েছেন, তাঁর এ সিনেমার স্বত্ব কিনেছেন শাহরুখ। এ বছরই তৈরি হয়ে যাবে হিন্দি রিমেক। আনুষ্ঠানিকভাবে ঘোষণা না হলেও জানা গেছে, শাহরুখই থাকবেন এ সিনেমার মুখ্য চরিত্রে।</p><p class=\"ql-align-justify\">আরও দুই সিনেমা ২০০৭ সালে শাহরুখকে নিয়ে ‘চাক দে ইন্ডিয়া’ বানিয়েছিলেন শিমিত আমিন। শাহরুখের ক্যারিয়ারের উল্লেখযোগ্য সিনেমা এটি। শিমিত তাঁর পরবর্তী সিনেমায় হাত দিয়েছেন, তাতে শাহরুখই থাকবেন বলে শোনা যাচ্ছে। এ ছাড়া ‘রইস’ পরিচালক রাহুল ধোলাকিয়া নতুন যে সিনেমার কাজ শুরু করছেন, তাতেও অভিনয় করবেন শাহরুখ। তবে এ সিনেমা দুটির নাম এখনো ঠিক হয়নি, আসেনি আনুষ্ঠানিক ঘোষণাও।যুগলবন্দী।</p>', 'blogs/1673367988____54297.jpeg', NULL, 0, '2023-01-10 22:26:29', '2023-01-10 22:26:29'),
(18, 1, NULL, 'আলোকিত তেঁতুলিয়ার নির্মাণ কাজ চলছে', NULL, NULL, '<p>আলোকিত তেঁতুলিয়ার নির্মাণ কাজ চলছে।</p>', 'blogs/1673369997____37645.png', NULL, 0, '2023-01-10 22:59:59', '2023-01-10 22:59:59'),
(19, 16, NULL, 'চবিতে ছাত্রলীগের ১৭ কর্মীসহ ১৮ জন বহিষ্কার', NULL, NULL, '<p>চট্টগ্রাম বিশ্ববিদ্যালয় (চবি) প্রশাসন ছাত্রলীগের ১৭ নেতা-কর্মীসহ ১৮ জনকে বিভিন্ন মেয়াদে বহিষ্কার করেছে।</p><p class=\"ql-align-justify\">দফায় দফায় সংঘর্ষ, আবাসিক হল ভাঙচুর ও সাংবাদিক হেনস্তাসহ বিভিন্ন শৃঙ্খলা ভঙ্গকারী কার্যক্রমে জড়িত থাকার দায়ে তাদের বহিষ্কার করা হয়।</p><p>সোমবার (৯ জানুয়ারি) রাত ৮টায় উপাচার্য অধ্যাপক ড. শিরীণ আখতার এর সভাপতিত্বে চবি বোর্ড অব রেসিডেন্স, হেলথ অ্যান্ড ডিসিপ্লিন-এর এক জুম অনলাইন সভায় এসব সিদ্ধান্ত নেওয়া হয়।</p><p>মঙ্গলবার (১০ জানুয়ারি) রাত সাড়ে ১২টার দিকে বহিষ্কারের বিষয়টি ঢাকা মেইলকে নিশ্চিত করেন বিশ্ববিদ্যালয়ের প্রক্টর ড. রবিউল হাসান ভূঁইয়া।</p><p>তিনি বলেন, বিভিন্ন তথ্য উপাত্তের ভিত্তিতে এই ১৮ জনকে বহিষ্কারের সিদ্ধান্ত নিয়েছে বিশ্ববিদ্যালয় প্রশাসন। তারা গত সোমবার (৯ জানুয়ারি) থেকে আগামী এক বছরের জন্য বিশ্ববিদ্যালয়ের সকল একাডেমিক কার্যক্রম থেকে বহিষ্কৃত হবে।</p><p><br></p>', 'blogs/1673425810____58360.webp', NULL, 0, '2023-01-11 14:30:16', '2023-01-11 14:30:16'),
(20, 16, NULL, 'এমপিওর আবেদন নিষ্পত্তির সময় বাড়ল', NULL, NULL, '<p class=\"ql-align-justify\">বেসরকারি স্কুল-কলেজের শিক্ষক-কর্মচারীদের এমপিও ও এ সংক্রান্ত আবেদন আঞ্চলিক কার্যালয় থেকে নিষ্পত্তির সময় বাড়িয়েছে মাধ্যমিক ও উচ্চ শিক্ষা অধিদফতর। এমপিও ও নিষ্পত্তির সময় বাড়িয়ে ১২ জানুয়ারি পর্যন্ত করা হয়েছে। সার্ভারে যান্ত্রিক সমস্যার কারণে সময় বাড়ানো হয়েছে বলে জানিয়েছে অধিদফতর।</p><p class=\"ql-align-justify\">মঙ্গলবার (১০ জানুয়ারি) অধিদফতর থেকে জারিকৃত এক আদেশে বলা হয়, বেসরকারি স্কুল-কলেজ শিক্ষক-কর্মচারীদের এমপিও সংশ্লিষ্ট আবেদন নিষ্পত্তি করে আঞ্চলিক কার্যালয় থেকে এমপিও মাসের ১০ তারিখের মধ্যে অধিদফতরে পাঠাতে হয়। সার্ভারে যান্ত্রিক সমস্যার কারণে জানুয়ারি মাসের এমপিওতে সব আবেদন নিষ্পত্তির জন্য ১০ জানুয়ারির জায়গায় ১২ জানুয়ারি তারিখের মধ্যে আঞ্চলিক কার্যালয় থেকে পাঠানোর সময়সীমা নির্ধারণ করা হলো।</p>', 'blogs/1673426161____42434.webp', NULL, 0, '2023-01-11 14:36:01', '2023-01-11 14:36:01'),
(21, 1, NULL, 'এপ্রিলে জাপান সফরে যাচ্ছেন প্রধানমন্ত্রী', NULL, NULL, '<p>প্রধানমন্ত্রী শেখ হাসিনা আগামী এপ্রিল মাসে জাপান সফরে যেতে পারেন।</p><p>বুধবার (১১ জানুয়ারি) গণভবনে সৌজন্য সাক্ষাত করেন ঢাকায় নবনিযুক্ত জাপানি রাষ্ট্রদূত ইওয়ামা কিমিনোরি। এসময় দেশের পক্ষে সরকারপ্রধানকে জাপান সফরের প্রস্তাব দেন রাষ্ট্রদূত।</p><p>পরে প্রধানমন্ত্রীর স্পিচ রাইটার মো. নজরুল ইসলাম সাংবাদিকদের ব্রিফ করেন।</p><p>নজরুল ইসলাম বলেন, জাপানি রাষ্ট্রদূত প্রধানমন্ত্রী শেখ হাসিনাকে আগামী মার্চ-এপ্রিলে জাপান সফরের প্রস্তাব দিয়েছেন। প্রধানমন্ত্রী এপ্রিলে সফরে যেতে আগ্রহ প্রকাশ করেছেন।</p><p>সদ্য বিদায়ী বছরের ২৯ নভেম্বর থেকে ১ ডিসেম্বর জাপান সফরে যাওয়ার কথা ছিল প্রধানমন্ত্রী শেখ হাসিনার।</p><p><br></p>', 'blogs/1673426418____89258.jpeg', NULL, 0, '2023-01-11 14:40:18', '2023-01-11 14:40:18'),
(22, 1, NULL, '‘আগামীতেও সফলভাবে নির্বাচনী দায়িত্ব পালন করবে পুলিশ’', NULL, NULL, '<p class=\"ql-align-justify\">আগামী দিনেও বাংলাদেশ পুলিশ সফলভাবে নির্বাচনী দায়িত্ব পালন করবে বলে জানিয়েছেন বাহিনীটির মহাপরিদর্শক (আইজিপি) চৌধুরী আবদুল্লাহ আল-মামুন। তিনি বলেছেন, \'নির্বাচন বা যেকোনো পরিস্থিতি মোকাবিলা করে আসছে পুলিশ। অভিজ্ঞতা থেকে আমরা নিরাপত্তা পরিকল্পনা গ্রহণ করে থাকি, ইতোমধ্যে নির্বাচন বা ইভেন্টে আমরা সফলভাবে দায়িত্ব পালন করেছি, আগামী দিনেও যেকোনো চ্যালেঞ্জ মোকাবিলা বা নির্বাচনী দায়িত্ব সফলভাবে পালন করতে সক্ষম হব বলে আমরা দৃঢ়ভাবে বিশ্বাস করি।\'</p><p class=\"ql-align-justify\">বুধবার (১১ জানুয়ারি) দুপুরে টঙ্গীর ইজতেমা ময়দানে গণমাধ্যমকর্মীদের সঙ্গে আলাপকালে এসব কথা বলেন তিনি।</p>', 'blogs/1673426656____43060.jpeg', NULL, 0, '2023-01-11 14:44:16', '2023-01-11 14:44:16'),
(23, 2, NULL, 'করোনা: একদিনে আরও ১১শ মৃত্যু', NULL, NULL, '<p><span style=\"background-color: rgb(255, 255, 255); color: rgb(0, 0, 0);\">সারা বিশ্বে চলমান করোনা মহামারিতে দৈনিক মৃত্যুর সংখ্যা কমলেও আগের দিনের তুলনায় বেড়েছে নতুন শনাক্ত রোগীর সংখ্যা। গত ২৪ ঘণ্টায় বিশ্বে করোনায় আক্রান্ত হয়ে ১১শ’র বেশি মানুষের মৃত্যু হয়েছে।একই সময়ে ভাইরাসটিতে নতুন করে আক্রান্তের সংখ্যা পৌঁছেছে প্রায় পৌনে ৩ লাখে। ফলে বিশ্বব্যাপী করোনা আক্রান্তের সংখ্যা ছাড়িয়েছে ৬৬ কোটি ৯২ লাখের ঘর। অন্যদিকে মৃতের সংখ্যা ছাড়িয়েছে ৬৭ লাখ ১৭ হাজার।খবর গুগল নিউজের।</span></p>', 'blogs/1673426763____78779.jpeg', NULL, 0, '2023-01-11 14:46:03', '2023-01-11 14:46:03'),
(24, 1, NULL, 'স্বাস্থ্যমন্ত্রী: সব নাগরিক পাবেন স্বাস্থ্য কার্ড', NULL, NULL, '<p><span style=\"background-color: rgb(255, 255, 255); color: rgb(0, 0, 0);\">দেশের সব নাগরিককে স্বাস্থ্য কার্ডের আওতায় আনার কথা জানিয়েছেন স্বাস্থ্য ও পরিবার কল্যাণমন্ত্রী জাহিদ মালেক। এ কার্ডের মাধ্যমে সরকারি হাসপাতালে সব ধরনের চিকিৎসা পাবেন সেবাগ্রহিতারা।</span></p>', 'blogs/1673427067____97446.png', NULL, 0, '2023-01-11 14:51:07', '2023-01-11 14:51:07'),
(25, 1, NULL, 'বিশ্ব ইজতেমায় চলবে ৫ জোড়া বিশেষ ট্রেন', NULL, NULL, '<p><span style=\"background-color: rgb(255, 255, 255); color: rgb(0, 0, 0);\">টঙ্গীতে বিশ্ব ইজতেমা উপলক্ষ্যে মুসুল্লীদের জন্য পাঁচ জোড়া বিশেষ ট্রেন চালু রাখবে বাংলাদেশ রেলওয়ে কর্তৃপক্ষ। ৯ জানুয়ারি, সোমবার বাংলাদেশ রেলওয়ে (পূর্বাঞ্চল) এর এসিওপিএসপি চিফ অপারেটিং সুপারিনটেনডেন্ট কামাল আখতার হোসেন স্বাক্ষরিত বিজ্ঞপ্তিতে এ তথ্য জানানো হয়।</span></p>', 'blogs/1673427231____49795.png', NULL, 0, '2023-01-11 14:53:51', '2023-01-11 14:53:51'),
(26, 5, NULL, 'এমপি হিসেবে শপথ নিলেন মাহমুদ হাসান', NULL, NULL, '<p class=\"ql-align-justify\"><br><span style=\"color: rgb(79, 79, 79);\">এমপি হিসেবে শপথ নিলেন নবনির্বাচিত সংসদ সদস্য মাহমুদ হাসান। জাতীয় সংসদের স্পিকার ড. শিরীন শারমিন চৌধুরী মঙ্গলবার (১০ জানুয়ারি) একাদশ জাতীয় সংসদের ৩৩ গাইবান্ধা-৫ আসনের উপ-নির্বাচনে নির্বাচিত সংসদ সদস্য মাহমুদ হাসানকে শপথ বাক্য পাঠ করান। সংসদ সচিবালয়ের সচিব কে এম আব্দুস সালাম শপথ গ্রহণ অনুষ্ঠান সঞ্চালনা করেন।</span>।</p><p></p>', 'blogs/1673427650____61466.jpeg', NULL, 0, '2023-01-11 15:00:50', '2023-01-11 15:00:50'),
(27, 7, NULL, 'পঞ্চগড়ে চলছে মাঝারী শৈতপ্রবাহ, তাপমাত্রা নামলো ৬ ডিগ্রিতে', NULL, NULL, '<p class=\"ql-align-justify\">গেল কয়েকদিন ধরে উত্তরদিক থেকে আসা হিমালয়ের হিমেল হাওয়া আর ঘন কুয়াশার কারণে মাঝারী শৈতপ্রবাহে পঞ্চগড়ে বেড়েছে জনদূর্ভোগ। মঙ্গলবার সকাল নয়টায় ৬ দশমিক ৯ ডিগ্রি এবং সকাল ৬ টায় জেলায় সর্বনিম্ন তাপমাত্রা রেকর্ড করা হয়েছে পঞ্চগড়ের তেতুঁলিয়ায় ৭ দশমিক ৪ ডিগ্রী সেলসিয়াস।</p><p class=\"ql-align-justify\">সোমবার সন্ধ্যা থেকে কুয়াশার পরিমাণ কম থাকলেও রাত বাড়ার সাথে সাথে ঘন কুয়াশায় পথঘাট ঢেকে যায়। সেই সাথে হিমেল হাওয়া বয়ে যায়। রাতভর বৃষ্টির মত কুয়াশা ঝড়ে। তবে মঙ্গলবার সকালে হিমেল হাওয়া কিছুটা কম থাকলেও ঘন কুয়াশার কারণে পথঘাট ঢেকে যায়। দিনের বেলা মহাসড়কগুলোতে হেডলাইট জ্বালিয়ে চলাচল করছে যানবাহনগুলো।</p><p class=\"ql-align-center\"><br></p>', 'blogs/1673427866____36424.jpeg', NULL, 0, '2023-01-11 15:04:26', '2023-01-11 15:04:26'),
(28, 11, NULL, 'রাজশাহীতে মৌসুমের সর্বনিম্ন তাপমাত্রা', NULL, NULL, '<p class=\"ql-align-justify\">চলতি শীত মৌসুমে রাজশাহীদে সর্বনিম্ন তাপমাত্র রেকর্ড করা হয়েছে। আজ শুক্রবার (১৬ ডিসেম্বর) রাজশাহীতে সর্বনিম্ন তাপমাত্রা রেকর্ড করা হয় ৯ দশমিক ৬ ডিগ্রি সেলসিয়াস। এটি এ বছর শীত মৌসুমে জেলার সর্বনিম্ন তাপমাত্রা। রাজশাহী আবহাওয়া অফিসের ভারপ্রাপ্ত কর্মকর্তা কামাল হোসেন এ তথ্য নিশ্চিত করেছেন।</p><p>তিনি জানান, শুক্রবার চুয়াডাঙ্গায় দেশের সর্বনিম্ন তাপমাত্রা হয়েছে ৯ দশমিক ৫ ডিগ্রি সেলসিয়াস। রাজশাহীতে রেকর্ড হয়েছে ৯ দশমিক ৬ ডিগ্রি সেলসিয়াস। হিমেল হাওয়ার কারণে তাপমাত্রা হঠাৎ কমেছে। এর আগের দিন বৃহস্পতিবার রাজশাহীতে ১১ দশমিক ৫ ডিগ্রি সেলসিয়াস তাপমাত্রা রেকর্ড করা হয়। বুধবার সর্বনিম্ন তাপমাত্রা রেকর্ড হয় ১৩ দশমিক ৬ ডিগ্রি সেলসিয়াস। একটি লঘুচাপের প্রভাবে কিছুটা হিমেল হাওয়া বইছে। এর ফলেই দুদিন ধরে তাপমাত্রা কমছে।</p><p><br></p>', 'blogs/1673428011____28318.jpeg', NULL, 0, '2023-01-11 15:06:51', '2023-01-11 15:06:51'),
(29, 10, NULL, 'বরিশালে শৈত্যপ্রবাহে বিপর্যস্ত জনজীবন, নিম্ন আয়ের মানুষের দুর্ভোগ', NULL, NULL, '<p class=\"ql-align-justify\">বছরের শুরুতেই বরিশাল সহ দক্ষিণাঞ্চলে হাড় কাঁপানো তীব্র শীত ও শৈত্যপ্রবাহে বিপর্যস্ত জনজীবন। এতে বিপাকে পড়েছেন কৃষক ও দিনমুজুরসহ নিম্ন আয়ের মানুষ। আগামী ৫ দিনে তাপমাত্রা কমে এই অঞ্চলের পরিস্থিতি আরও আবনতি হতে পারে বলে আশঙ্কা আবহাওয়া অফিসের। বরিশালে সর্বনিম্ন তাপমাত্রা ৯ দশমিক ৫ ডিগ্রি সেলসিয়াস রেকর্ড করা হয়েছে ৭ জানুয়ারি, যা এই মৌসুমের সর্বনিম্ন তাপমাত্রা বরিশাল আবহাওয়া অফিসের ভারপ্রাপ্ত কর্মকর্তা বসির আহমেদ এ তথ্য নিশ্চিত করেন।</p><p>তিনি জানান, এটাই বরিশালের প্রথম মৃদু শৈত্যপ্রবাহ। শনিবার সকাল ৯টা পর্যন্ত মৌসুমের সর্বনিম্ন তাপমাত্রা রেকর্ড করা হয়েছে। গত কয়েকদিন ধরেই ঘন কুয়াশা পড়েছিল। কুয়াশা কেটে যাওয়ায় শৈত্যপ্রবাহ শুরু হয়েছে। তবে তাপমাত্রা আরও কমতে পারে।</p><p><br></p>', 'blogs/1673428075____21847.jpeg', NULL, 0, '2023-01-11 15:07:55', '2023-01-11 15:07:55');

-- --------------------------------------------------------

--
-- Table structure for table `categories`
--

CREATE TABLE `categories` (
  `id` bigint UNSIGNED NOT NULL,
  `category_id` varchar(255) CHARACTER SET utf8mb4 COLLATE utf8mb4_unicode_ci DEFAULT NULL,
  `name` varchar(255) CHARACTER SET utf8mb4 COLLATE utf8mb4_unicode_ci DEFAULT NULL,
  `slug` varchar(255) CHARACTER SET utf8mb4 COLLATE utf8mb4_unicode_ci DEFAULT NULL,
  `type` varchar(255) CHARACTER SET utf8mb4 COLLATE utf8mb4_unicode_ci DEFAULT NULL,
  `cat_id` varchar(255) CHARACTER SET utf8mb4 COLLATE utf8mb4_unicode_ci DEFAULT NULL,
  `status` varchar(255) CHARACTER SET utf8mb4 COLLATE utf8mb4_unicode_ci DEFAULT NULL,
  `created_at` timestamp NULL DEFAULT NULL,
  `updated_at` timestamp NULL DEFAULT NULL
) ENGINE=InnoDB DEFAULT CHARSET=utf8mb4 COLLATE=utf8mb4_unicode_ci;

--
-- Dumping data for table `categories`
--

INSERT INTO `categories` (`id`, `category_id`, `name`, `slug`, `type`, `cat_id`, `status`, `created_at`, `updated_at`) VALUES
(1, NULL, 'জাতীয়', 'জাতীয়', 'main', NULL, 'active', '2023-01-01 00:39:00', '2023-01-10 22:36:24'),
(2, NULL, 'আন্তর্জাতিক', 'আন্তর্জাতিক', 'main', NULL, 'active', '2023-01-01 01:39:07', NULL),
(3, NULL, 'রাজনীতি', 'রাজনীতি', 'sub', '18', 'active', NULL, '2023-01-10 22:40:54'),
(4, NULL, 'সারাদেশ', 'সারাদেশ', 'main', NULL, 'active', '2023-01-02 22:15:03', NULL),
(5, NULL, 'ঢাকা বিভাগ', 'ঢাকা বিভাগ', 'sub', '4', 'active', NULL, NULL),
(6, NULL, 'খুলনা বিভাগ', 'খুলনা বিভাগ', 'sub', '4', 'active', NULL, NULL),
(7, NULL, 'রংপুর বিভাগ', 'রংপুর বিভাগ', 'sub', '4', 'active', NULL, NULL),
(8, NULL, 'চট্টগ্রাম বিভাগ', 'চট্টগ্রাম বিভাগ', 'sub', '4', 'active', NULL, NULL),
(9, NULL, 'সিলেট বিভাগ', 'সিলেট বিভাগ', 'sub', '4', 'active', NULL, NULL),
(10, NULL, 'বরিশাল বিভাগ', 'বরিশাল বিভাগ', 'sub', '4', 'active', NULL, NULL),
(11, NULL, 'রাজশাহী বিভাগ', 'রাজশাহী বিভাগ', 'sub', '4', 'active', NULL, NULL),
(12, NULL, 'জেলার সংবাদ', 'জেলার সংবাদ', 'main', NULL, 'deactive', NULL, NULL),
(13, NULL, 'তেঁতুলিয়ার সংবাদ', 'তেঁতুলিয়ার সংবাদ', 'sub', '12', 'active', NULL, NULL),
(14, NULL, 'খেলাধূলা', 'খেলাধূলা', 'main', NULL, 'active', '2023-01-03 01:29:39', NULL),
(15, NULL, 'ফিচার', 'ফিচার', 'main', NULL, 'active', '2023-01-03 04:31:27', NULL),
(16, NULL, 'শিক্ষা', 'শিক্ষা', 'main', NULL, 'active', '2023-01-03 02:31:32', '2023-01-10 22:44:35'),
(17, NULL, 'বিনোদন', 'বিনোদন', 'main', NULL, 'active', '2023-01-03 02:30:41', NULL),
(18, NULL, 'অন্যান্য', 'অন্যান্য', 'main', NULL, 'active', '2023-01-10 06:31:37', NULL),
(19, NULL, 'চাকুরী', 'চাকুরী', 'main', NULL, 'active', '2023-01-03 03:30:49', '2023-01-10 22:16:28'),
(22, '986595', 'বাংলাদেশ', 'bangladesh', 'main', NULL, 'deactive', '2023-01-01 22:03:41', '2023-01-01 22:03:41'),
(23, '928923', 'অর্থনীতি', 'অর্থনীতি', 'sub', '18', 'active', '2023-01-10 22:06:19', '2023-01-10 22:41:00'),
(24, '386501', 'বিশেষ প্রতিবেদন', 'বিশেষ-প্রতিবেদন', 'main', NULL, 'deactive', '2023-01-10 22:06:38', '2023-01-10 22:37:53'),
(25, '211308', 'দেশজুড়ে', 'দেশজুড়ে', 'main', NULL, 'deactive', '2023-01-02 22:15:03', '2023-01-10 22:15:03'),
(26, '716817', 'তথ্যপ্রযুক্তি', 'তথ্যপ্রযুক্তি', 'sub', '15', 'active', '2023-01-10 22:16:50', '2023-01-10 22:16:50'),
(27, '307772', 'ভ্রমণ', 'ভ্রমণ', 'sub', '15', 'active', '2023-01-10 22:17:12', '2023-01-10 22:17:12'),
(28, '256561', 'লাইফ স্টাইল', 'লাইফ-স্টাইল', 'main', NULL, 'active', '2023-01-03 04:35:58', '2023-01-10 22:44:21'),
(29, '505224', 'কৃষি', 'কৃষি', 'sub', '15', 'active', '2023-01-10 22:17:39', '2023-01-10 22:17:39'),
(30, '099822', 'সাহিত্য', 'সাহিত্য', 'sub', '18', 'active', '2023-01-10 22:18:20', '2023-01-10 22:18:20'),
(31, '145304', 'স্বাস্থ্য', 'স্বাস্থ্য', 'main', NULL, 'active', '2023-01-03 02:35:33', '2023-01-10 22:44:27'),
(32, '714005', 'ধর্ম ও জীবন', 'ধর্ম-ও-জীবন', 'sub', '18', 'active', '2023-01-10 22:18:52', '2023-01-10 22:18:52'),
(33, '343103', 'প্রবাস', 'প্রবাস', 'sub', '18', 'active', '2023-01-10 22:19:04', '2023-01-10 22:19:04'),
(34, '549128', 'আইন-আদালত', 'আইন-আদালত', 'sub', '18', 'active', '2023-01-10 22:19:27', '2023-01-10 22:19:27'),
(35, '241117', 'গণমাধ্যম', 'গণমাধ্যম', 'sub', '18', 'active', '2023-01-10 22:19:35', '2023-01-10 22:19:35'),
(36, '993064', 'ক্যাম্পাস', 'ক্যাম্পাস', 'sub', '18', 'active', '2023-01-10 22:19:54', '2023-01-10 22:19:54'),
(37, '693463', 'যোগাযোগ', 'যোগাযোগ', 'sub', '18', 'active', '2023-01-10 22:20:09', '2023-01-10 22:20:09');

-- --------------------------------------------------------

--
-- Table structure for table `ch_favorites`
--

CREATE TABLE `ch_favorites` (
  `id` bigint NOT NULL,
  `user_id` bigint NOT NULL,
  `favorite_id` bigint NOT NULL,
  `created_at` timestamp NULL DEFAULT NULL,
  `updated_at` timestamp NULL DEFAULT NULL
) ENGINE=InnoDB DEFAULT CHARSET=utf8mb4 COLLATE=utf8mb4_unicode_ci;

-- --------------------------------------------------------

--
-- Table structure for table `ch_messages`
--

CREATE TABLE `ch_messages` (
  `id` bigint NOT NULL,
  `type` varchar(255) CHARACTER SET utf8mb4 COLLATE utf8mb4_unicode_ci NOT NULL,
  `from_id` bigint NOT NULL,
  `to_id` bigint NOT NULL,
  `body` varchar(5000) CHARACTER SET utf8mb4 COLLATE utf8mb4_unicode_ci DEFAULT NULL,
  `attachment` varchar(255) CHARACTER SET utf8mb4 COLLATE utf8mb4_unicode_ci DEFAULT NULL,
  `seen` tinyint(1) NOT NULL DEFAULT '0',
  `created_at` timestamp NULL DEFAULT NULL,
  `updated_at` timestamp NULL DEFAULT NULL
) ENGINE=InnoDB DEFAULT CHARSET=utf8mb4 COLLATE=utf8mb4_unicode_ci;

-- --------------------------------------------------------

--
-- Table structure for table `failed_jobs`
--

CREATE TABLE `failed_jobs` (
  `id` bigint UNSIGNED NOT NULL,
  `uuid` varchar(255) CHARACTER SET utf8mb4 COLLATE utf8mb4_unicode_ci NOT NULL,
  `connection` text CHARACTER SET utf8mb4 COLLATE utf8mb4_unicode_ci NOT NULL,
  `queue` text CHARACTER SET utf8mb4 COLLATE utf8mb4_unicode_ci NOT NULL,
  `payload` longtext CHARACTER SET utf8mb4 COLLATE utf8mb4_unicode_ci NOT NULL,
  `exception` longtext CHARACTER SET utf8mb4 COLLATE utf8mb4_unicode_ci NOT NULL,
  `failed_at` timestamp NOT NULL DEFAULT CURRENT_TIMESTAMP
) ENGINE=InnoDB DEFAULT CHARSET=utf8mb4 COLLATE=utf8mb4_unicode_ci;

-- --------------------------------------------------------

--
-- Table structure for table `migrations`
--

CREATE TABLE `migrations` (
  `id` int UNSIGNED NOT NULL,
  `migration` varchar(255) CHARACTER SET utf8mb4 COLLATE utf8mb4_unicode_ci NOT NULL,
  `batch` int NOT NULL
) ENGINE=InnoDB DEFAULT CHARSET=utf8mb4 COLLATE=utf8mb4_unicode_ci;

--
-- Dumping data for table `migrations`
--

INSERT INTO `migrations` (`id`, `migration`, `batch`) VALUES
(1, '2014_10_12_000000_create_users_table', 1),
(2, '2014_10_12_100000_create_password_resets_table', 1),
(3, '2016_06_01_000001_create_oauth_auth_codes_table', 1),
(4, '2016_06_01_000002_create_oauth_access_tokens_table', 1),
(5, '2016_06_01_000003_create_oauth_refresh_tokens_table', 1),
(6, '2016_06_01_000004_create_oauth_clients_table', 1),
(7, '2016_06_01_000005_create_oauth_personal_access_clients_table', 1),
(8, '2019_08_19_000000_create_failed_jobs_table', 1),
(9, '2019_12_14_000001_create_personal_access_tokens_table', 1),
(10, '2022_07_06_113708_create_roles_table', 1),
(11, '2022_08_23_235528_create_notifications_table', 1),
(12, '2022_08_25_999999_add_active_status_to_users', 1),
(13, '2022_08_25_999999_add_avatar_to_users', 1),
(14, '2022_08_25_999999_add_dark_mode_to_users', 1),
(15, '2022_08_25_999999_add_messenger_color_to_users', 1),
(16, '2022_08_25_999999_create_favorites_table', 1),
(17, '2022_08_25_999999_create_messages_table', 1),
(18, '2022_12_31_214717_create_categories_table', 1),
(19, '2022_12_31_214808_create_blogs_table', 1),
(20, '2022_12_31_221205_create_posts_table', 1);

-- --------------------------------------------------------

--
-- Table structure for table `notifications`
--

CREATE TABLE `notifications` (
  `id` bigint UNSIGNED NOT NULL,
  `user_id` varchar(255) CHARACTER SET utf8mb4 COLLATE utf8mb4_unicode_ci DEFAULT NULL,
  `title` varchar(255) CHARACTER SET utf8mb4 COLLATE utf8mb4_unicode_ci DEFAULT NULL,
  `description` varchar(255) CHARACTER SET utf8mb4 COLLATE utf8mb4_unicode_ci DEFAULT NULL,
  `time` varchar(255) CHARACTER SET utf8mb4 COLLATE utf8mb4_unicode_ci DEFAULT NULL,
  `read` tinyint(1) NOT NULL DEFAULT '0',
  `status` varchar(255) CHARACTER SET utf8mb4 COLLATE utf8mb4_unicode_ci NOT NULL DEFAULT 'draft',
  `created_at` timestamp NULL DEFAULT NULL,
  `updated_at` timestamp NULL DEFAULT NULL
) ENGINE=InnoDB DEFAULT CHARSET=utf8mb4 COLLATE=utf8mb4_unicode_ci;

-- --------------------------------------------------------

--
-- Table structure for table `oauth_access_tokens`
--

CREATE TABLE `oauth_access_tokens` (
  `id` varchar(100) CHARACTER SET utf8mb4 COLLATE utf8mb4_unicode_ci NOT NULL,
  `user_id` bigint UNSIGNED DEFAULT NULL,
  `client_id` bigint UNSIGNED NOT NULL,
  `name` varchar(255) CHARACTER SET utf8mb4 COLLATE utf8mb4_unicode_ci DEFAULT NULL,
  `scopes` text CHARACTER SET utf8mb4 COLLATE utf8mb4_unicode_ci,
  `revoked` tinyint(1) NOT NULL,
  `created_at` timestamp NULL DEFAULT NULL,
  `updated_at` timestamp NULL DEFAULT NULL,
  `expires_at` datetime DEFAULT NULL
) ENGINE=InnoDB DEFAULT CHARSET=utf8mb4 COLLATE=utf8mb4_unicode_ci;

--
-- Dumping data for table `oauth_access_tokens`
--

INSERT INTO `oauth_access_tokens` (`id`, `user_id`, `client_id`, `name`, `scopes`, `revoked`, `created_at`, `updated_at`, `expires_at`) VALUES
('0135f3c382cdae59cb8d76e7120a5f1e1afb564d113fba1a4768f9a84933cc5aa916182ad891b907', 1, 1, 'accessToken', '[]', 0, '2023-01-10 21:39:18', '2023-01-10 21:39:18', '2024-01-10 21:39:18'),
('270bca15f20eac67dfc8cc454ccf361b0a71277399d64bf780e8c2b996bf727006ade1b5b42b0a9a', 1, 1, 'accessToken', '[]', 0, '2023-01-10 21:18:43', '2023-01-10 21:18:43', '2024-01-10 21:18:43'),
('7555f9405ed9a8de9ad5af975ddc97bf7a80f3a0547d085500fe832cbb1ad0a08c812a70aecf335e', 1, 1, 'accessToken', '[]', 0, '2023-01-11 14:27:17', '2023-01-11 14:27:17', '2024-01-11 14:27:17'),
('7adefcd2f4fcba798f88cba53b4b4057f923cbf11eafb712292473bbb87117842c7ff0f0f6402b20', 1, 1, 'accessToken', '[]', 0, '2023-01-10 22:03:18', '2023-01-10 22:03:18', '2024-01-10 22:03:18'),
('852fb79f39c4a0ef8a7e7537a2440acb949c4b22def688a7c99d2a140ae28ee697a713a7972c475e', 1, 1, 'accessToken', '[]', 0, '2023-01-02 10:30:24', '2023-01-02 10:30:24', '2024-01-02 16:30:24'),
('8fd56669c2162bc66db3e5a3b5fcd33b393ed7659153de4b050bfd2f7bae2a5fb9d20b146d4995a4', 1, 1, 'accessToken', '[]', 0, '2023-01-10 21:33:04', '2023-01-10 21:33:04', '2024-01-10 21:33:04'),
('98325ffb41105613342475811691c60ef34a056e896a16e5f2c55c28740f2155bfd5f6a113c5dc7c', 1, 1, 'accessToken', '[]', 0, '2023-01-08 10:50:27', '2023-01-08 10:50:27', '2024-01-08 16:50:27'),
('d3880035a9916d19c0ade9cc0a96f9aea1a31844567b5f5cea3cdbdf489be57d1dd13e3837cec978', 1, 1, 'accessToken', '[]', 0, '2023-01-03 04:49:26', '2023-01-03 04:49:26', '2024-01-03 10:49:26'),
('d7ece73d7169477a962d7fdf738ddf3fcff3c96a86128d090d2a9f08f4ea7f2873980733ce819366', 1, 1, 'accessToken', '[]', 0, '2023-01-09 05:42:45', '2023-01-09 05:42:45', '2024-01-09 11:42:45');

-- --------------------------------------------------------

--
-- Table structure for table `oauth_auth_codes`
--

CREATE TABLE `oauth_auth_codes` (
  `id` varchar(100) CHARACTER SET utf8mb4 COLLATE utf8mb4_unicode_ci NOT NULL,
  `user_id` bigint UNSIGNED NOT NULL,
  `client_id` bigint UNSIGNED NOT NULL,
  `scopes` text CHARACTER SET utf8mb4 COLLATE utf8mb4_unicode_ci,
  `revoked` tinyint(1) NOT NULL,
  `expires_at` datetime DEFAULT NULL
) ENGINE=InnoDB DEFAULT CHARSET=utf8mb4 COLLATE=utf8mb4_unicode_ci;

-- --------------------------------------------------------

--
-- Table structure for table `oauth_clients`
--

CREATE TABLE `oauth_clients` (
  `id` bigint UNSIGNED NOT NULL,
  `user_id` bigint UNSIGNED DEFAULT NULL,
  `name` varchar(255) CHARACTER SET utf8mb4 COLLATE utf8mb4_unicode_ci NOT NULL,
  `secret` varchar(100) CHARACTER SET utf8mb4 COLLATE utf8mb4_unicode_ci DEFAULT NULL,
  `provider` varchar(255) CHARACTER SET utf8mb4 COLLATE utf8mb4_unicode_ci DEFAULT NULL,
  `redirect` text CHARACTER SET utf8mb4 COLLATE utf8mb4_unicode_ci NOT NULL,
  `personal_access_client` tinyint(1) NOT NULL,
  `password_client` tinyint(1) NOT NULL,
  `revoked` tinyint(1) NOT NULL,
  `created_at` timestamp NULL DEFAULT NULL,
  `updated_at` timestamp NULL DEFAULT NULL
) ENGINE=InnoDB DEFAULT CHARSET=utf8mb4 COLLATE=utf8mb4_unicode_ci;

--
-- Dumping data for table `oauth_clients`
--

INSERT INTO `oauth_clients` (`id`, `user_id`, `name`, `secret`, `provider`, `redirect`, `personal_access_client`, `password_client`, `revoked`, `created_at`, `updated_at`) VALUES
(1, NULL, 'Laravel8.2 Personal Access Client', 'EzVzE8ITTtYBd8SMwg3Rp2wyvquEnCyQNQ732Qi9', NULL, 'http://localhost', 1, 0, 0, '2023-01-02 10:30:11', '2023-01-02 10:30:11');

-- --------------------------------------------------------

--
-- Table structure for table `oauth_personal_access_clients`
--

CREATE TABLE `oauth_personal_access_clients` (
  `id` bigint UNSIGNED NOT NULL,
  `client_id` bigint UNSIGNED NOT NULL,
  `created_at` timestamp NULL DEFAULT NULL,
  `updated_at` timestamp NULL DEFAULT NULL
) ENGINE=InnoDB DEFAULT CHARSET=utf8mb4 COLLATE=utf8mb4_unicode_ci;

--
-- Dumping data for table `oauth_personal_access_clients`
--

INSERT INTO `oauth_personal_access_clients` (`id`, `client_id`, `created_at`, `updated_at`) VALUES
(1, 1, '2023-01-02 10:30:11', '2023-01-02 10:30:11');

-- --------------------------------------------------------

--
-- Table structure for table `oauth_refresh_tokens`
--

CREATE TABLE `oauth_refresh_tokens` (
  `id` varchar(100) CHARACTER SET utf8mb4 COLLATE utf8mb4_unicode_ci NOT NULL,
  `access_token_id` varchar(100) CHARACTER SET utf8mb4 COLLATE utf8mb4_unicode_ci NOT NULL,
  `revoked` tinyint(1) NOT NULL,
  `expires_at` datetime DEFAULT NULL
) ENGINE=InnoDB DEFAULT CHARSET=utf8mb4 COLLATE=utf8mb4_unicode_ci;

-- --------------------------------------------------------

--
-- Table structure for table `password_resets`
--

CREATE TABLE `password_resets` (
  `email` varchar(255) CHARACTER SET utf8mb4 COLLATE utf8mb4_unicode_ci NOT NULL,
  `token` varchar(255) CHARACTER SET utf8mb4 COLLATE utf8mb4_unicode_ci NOT NULL,
  `created_at` timestamp NULL DEFAULT NULL
) ENGINE=InnoDB DEFAULT CHARSET=utf8mb4 COLLATE=utf8mb4_unicode_ci;

-- --------------------------------------------------------

--
-- Table structure for table `personal_access_tokens`
--

CREATE TABLE `personal_access_tokens` (
  `id` bigint UNSIGNED NOT NULL,
  `tokenable_type` varchar(255) CHARACTER SET utf8mb4 COLLATE utf8mb4_unicode_ci NOT NULL,
  `tokenable_id` bigint UNSIGNED NOT NULL,
  `name` varchar(255) CHARACTER SET utf8mb4 COLLATE utf8mb4_unicode_ci NOT NULL,
  `token` varchar(64) CHARACTER SET utf8mb4 COLLATE utf8mb4_unicode_ci NOT NULL,
  `abilities` text CHARACTER SET utf8mb4 COLLATE utf8mb4_unicode_ci,
  `last_used_at` timestamp NULL DEFAULT NULL,
  `created_at` timestamp NULL DEFAULT NULL,
  `updated_at` timestamp NULL DEFAULT NULL
) ENGINE=InnoDB DEFAULT CHARSET=utf8mb4 COLLATE=utf8mb4_unicode_ci;

-- --------------------------------------------------------

--
-- Table structure for table `posts`
--

CREATE TABLE `posts` (
  `id` bigint UNSIGNED NOT NULL,
  `blog_id` bigint UNSIGNED NOT NULL,
  `cat_id` bigint UNSIGNED NOT NULL,
  `created_at` timestamp NULL DEFAULT NULL,
  `updated_at` timestamp NULL DEFAULT NULL
) ENGINE=InnoDB DEFAULT CHARSET=utf8mb4 COLLATE=utf8mb4_unicode_ci;

-- --------------------------------------------------------

--
-- Table structure for table `roles`
--

CREATE TABLE `roles` (
  `id` bigint UNSIGNED NOT NULL,
  `roleName` varchar(255) CHARACTER SET utf8mb4 COLLATE utf8mb4_unicode_ci NOT NULL,
  `permission` text CHARACTER SET utf8mb4 COLLATE utf8mb4_unicode_ci,
  `created_at` timestamp NULL DEFAULT NULL,
  `updated_at` timestamp NULL DEFAULT NULL
) ENGINE=InnoDB DEFAULT CHARSET=utf8mb4 COLLATE=utf8mb4_unicode_ci;

-- --------------------------------------------------------

--
-- Table structure for table `users`
--

CREATE TABLE `users` (
  `id` bigint UNSIGNED NOT NULL,
  `name` varchar(255) CHARACTER SET utf8mb4 COLLATE utf8mb4_unicode_ci NOT NULL,
  `email` varchar(255) CHARACTER SET utf8mb4 COLLATE utf8mb4_unicode_ci NOT NULL,
  `role` varchar(255) CHARACTER SET utf8mb4 COLLATE utf8mb4_unicode_ci NOT NULL DEFAULT '5',
  `email_verified_at` timestamp NULL DEFAULT NULL,
  `password` varchar(255) CHARACTER SET utf8mb4 COLLATE utf8mb4_unicode_ci NOT NULL,
  `status` varchar(255) CHARACTER SET utf8mb4 COLLATE utf8mb4_unicode_ci NOT NULL DEFAULT 'active',
  `remember_token` varchar(100) CHARACTER SET utf8mb4 COLLATE utf8mb4_unicode_ci DEFAULT NULL,
  `created_at` timestamp NULL DEFAULT NULL,
  `updated_at` timestamp NULL DEFAULT NULL,
  `active_status` tinyint(1) NOT NULL DEFAULT '0',
  `avatar` varchar(255) CHARACTER SET utf8mb4 COLLATE utf8mb4_unicode_ci NOT NULL DEFAULT 'avatar.png',
  `dark_mode` tinyint(1) NOT NULL DEFAULT '0',
  `messenger_color` varchar(255) CHARACTER SET utf8mb4 COLLATE utf8mb4_unicode_ci NOT NULL DEFAULT '#2180f3'
) ENGINE=InnoDB DEFAULT CHARSET=utf8mb4 COLLATE=utf8mb4_unicode_ci;

--
-- Dumping data for table `users`
--

INSERT INTO `users` (`id`, `name`, `email`, `role`, `email_verified_at`, `password`, `status`, `remember_token`, `created_at`, `updated_at`, `active_status`, `avatar`, `dark_mode`, `messenger_color`) VALUES
(1, 'Freelancer Nishad', 'admin@gmail.com', 'admin', NULL, '$2y$10$Sjx2y/PwBEFii6OowVgZ/O6KVxrJsqQCADDlIbHMjQbyfGwZvnq36', 'active', NULL, '2023-01-02 10:28:15', '2023-01-02 10:28:15', 0, 'avatar.png', 0, '#2180f3');

--
-- Indexes for dumped tables
--

--
-- Indexes for table `blogs`
--
ALTER TABLE `blogs`
  ADD PRIMARY KEY (`id`),
  ADD KEY `blogs_cat_id_foreign` (`cat_id`);

--
-- Indexes for table `categories`
--
ALTER TABLE `categories`
  ADD PRIMARY KEY (`id`);

--
-- Indexes for table `ch_favorites`
--
ALTER TABLE `ch_favorites`
  ADD PRIMARY KEY (`id`);

--
-- Indexes for table `ch_messages`
--
ALTER TABLE `ch_messages`
  ADD PRIMARY KEY (`id`);

--
-- Indexes for table `failed_jobs`
--
ALTER TABLE `failed_jobs`
  ADD PRIMARY KEY (`id`),
  ADD UNIQUE KEY `failed_jobs_uuid_unique` (`uuid`);

--
-- Indexes for table `migrations`
--
ALTER TABLE `migrations`
  ADD PRIMARY KEY (`id`);

--
-- Indexes for table `notifications`
--
ALTER TABLE `notifications`
  ADD PRIMARY KEY (`id`);

--
-- Indexes for table `oauth_access_tokens`
--
ALTER TABLE `oauth_access_tokens`
  ADD PRIMARY KEY (`id`),
  ADD KEY `oauth_access_tokens_user_id_index` (`user_id`);

--
-- Indexes for table `oauth_auth_codes`
--
ALTER TABLE `oauth_auth_codes`
  ADD PRIMARY KEY (`id`),
  ADD KEY `oauth_auth_codes_user_id_index` (`user_id`);

--
-- Indexes for table `oauth_clients`
--
ALTER TABLE `oauth_clients`
  ADD PRIMARY KEY (`id`),
  ADD KEY `oauth_clients_user_id_index` (`user_id`);

--
-- Indexes for table `oauth_personal_access_clients`
--
ALTER TABLE `oauth_personal_access_clients`
  ADD PRIMARY KEY (`id`);

--
-- Indexes for table `oauth_refresh_tokens`
--
ALTER TABLE `oauth_refresh_tokens`
  ADD PRIMARY KEY (`id`),
  ADD KEY `oauth_refresh_tokens_access_token_id_index` (`access_token_id`);

--
-- Indexes for table `password_resets`
--
ALTER TABLE `password_resets`
  ADD KEY `password_resets_email_index` (`email`);

--
-- Indexes for table `personal_access_tokens`
--
ALTER TABLE `personal_access_tokens`
  ADD PRIMARY KEY (`id`),
  ADD UNIQUE KEY `personal_access_tokens_token_unique` (`token`),
  ADD KEY `personal_access_tokens_tokenable_type_tokenable_id_index` (`tokenable_type`,`tokenable_id`);

--
-- Indexes for table `posts`
--
ALTER TABLE `posts`
  ADD PRIMARY KEY (`id`),
  ADD KEY `posts_blog_id_foreign` (`blog_id`),
  ADD KEY `posts_cat_id_foreign` (`cat_id`);

--
-- Indexes for table `roles`
--
ALTER TABLE `roles`
  ADD PRIMARY KEY (`id`);

--
-- Indexes for table `users`
--
ALTER TABLE `users`
  ADD PRIMARY KEY (`id`),
  ADD UNIQUE KEY `users_email_unique` (`email`);

--
-- AUTO_INCREMENT for dumped tables
--

--
-- AUTO_INCREMENT for table `blogs`
--
ALTER TABLE `blogs`
  MODIFY `id` bigint UNSIGNED NOT NULL AUTO_INCREMENT, AUTO_INCREMENT=30;

--
-- AUTO_INCREMENT for table `categories`
--
ALTER TABLE `categories`
  MODIFY `id` bigint UNSIGNED NOT NULL AUTO_INCREMENT, AUTO_INCREMENT=38;

--
-- AUTO_INCREMENT for table `failed_jobs`
--
ALTER TABLE `failed_jobs`
  MODIFY `id` bigint UNSIGNED NOT NULL AUTO_INCREMENT;

--
-- AUTO_INCREMENT for table `migrations`
--
ALTER TABLE `migrations`
  MODIFY `id` int UNSIGNED NOT NULL AUTO_INCREMENT, AUTO_INCREMENT=21;

--
-- AUTO_INCREMENT for table `notifications`
--
ALTER TABLE `notifications`
  MODIFY `id` bigint UNSIGNED NOT NULL AUTO_INCREMENT;

--
-- AUTO_INCREMENT for table `oauth_clients`
--
ALTER TABLE `oauth_clients`
  MODIFY `id` bigint UNSIGNED NOT NULL AUTO_INCREMENT, AUTO_INCREMENT=2;

--
-- AUTO_INCREMENT for table `oauth_personal_access_clients`
--
ALTER TABLE `oauth_personal_access_clients`
  MODIFY `id` bigint UNSIGNED NOT NULL AUTO_INCREMENT, AUTO_INCREMENT=2;

--
-- AUTO_INCREMENT for table `personal_access_tokens`
--
ALTER TABLE `personal_access_tokens`
  MODIFY `id` bigint UNSIGNED NOT NULL AUTO_INCREMENT;

--
-- AUTO_INCREMENT for table `posts`
--
ALTER TABLE `posts`
  MODIFY `id` bigint UNSIGNED NOT NULL AUTO_INCREMENT;

--
-- AUTO_INCREMENT for table `roles`
--
ALTER TABLE `roles`
  MODIFY `id` bigint UNSIGNED NOT NULL AUTO_INCREMENT;

--
-- AUTO_INCREMENT for table `users`
--
ALTER TABLE `users`
  MODIFY `id` bigint UNSIGNED NOT NULL AUTO_INCREMENT, AUTO_INCREMENT=2;

--
-- Constraints for dumped tables
--

--
-- Constraints for table `blogs`
--
ALTER TABLE `blogs`
  ADD CONSTRAINT `blogs_cat_id_foreign` FOREIGN KEY (`cat_id`) REFERENCES `categories` (`id`);

--
-- Constraints for table `posts`
--
ALTER TABLE `posts`
  ADD CONSTRAINT `posts_blog_id_foreign` FOREIGN KEY (`blog_id`) REFERENCES `blogs` (`id`),
  ADD CONSTRAINT `posts_cat_id_foreign` FOREIGN KEY (`cat_id`) REFERENCES `categories` (`id`);
COMMIT;

/*!40101 SET CHARACTER_SET_CLIENT=@OLD_CHARACTER_SET_CLIENT */;
/*!40101 SET CHARACTER_SET_RESULTS=@OLD_CHARACTER_SET_RESULTS */;
/*!40101 SET COLLATION_CONNECTION=@OLD_COLLATION_CONNECTION */;
